,mean_non_failure,mean_failure,f_stat,p_value
power_on_hours,7147.6105716,13984.597478574755,4.430963954982025,0.035297546364083714
power_cycles,153.2,323.78817881788177,3.366812766371084,0.06652827233449153
