,precision,recall,f1-score,support
0,0.0,0.0,0.0,2.0
1,0.9998558973989481,0.9252567008934525,0.9611109187242444,14998.0
accuracy,0.9251333333333334,0.9251333333333334,0.9251333333333334,0.9251333333333334
macro avg,0.49992794869947405,0.46262835044672623,0.4805554593621222,15000.0
weighted avg,0.9997225832792949,0.9251333333333334,0.9609827706017479,15000.0
