,precision,recall,f1-score,support
0,0.0,0.0,0.0,2.0
1,0.9998666666666667,1.0,0.9999333288885925,14998.0
accuracy,0.9998666666666667,0.9998666666666667,0.9998666666666667,0.9998666666666667
macro avg,0.49993333333333334,0.5,0.49996666444429627,15000.0
weighted avg,0.9997333511111111,0.9998666666666667,0.9998000044447407,15000.0
