feature,coefficient
power_on_hours,6.473151761797045
power_cycles,0.16791088223828346
percentage_used,0.7263905083858869
wear_level_avg,-17.06230286469742
wear_level_max,24.601094079525055
endurance_estimate_remaining,3.650843814907836
