model,roc_auc,pr_auc,precision_failure,recall_failure,f1_failure
logistic_regression,0.608681157487665,0.9999296076762727,0.9998558973989481,0.9252567008934525,0.9611109187242444
random_forest,0.49699959994665954,0.9998658650303544,0.9998666666666667,1.0,0.9999333288885925
