feature,pearson_r,p_value
power_on_hours,0.009413552501772834,0.035297546363924376
power_cycles,0.008205754971765827,0.06652827233418754
