feature,importance
power_on_hours,0.3326296208491377
wear_level_max,0.22636533229095354
power_cycles,0.151838848340356
wear_level_avg,0.11862854424988382
endurance_estimate_remaining,0.09225634481513874
percentage_used,0.0782813094545302
