fpr,tpr,threshold
0.0,0.0,inf
1.0,0.9939991998933191,1.0
1.0,0.9970662755034004,0.9966666666666667
1.0,0.9982664355247366,0.9933333333333333
1.0,0.9989331910921456,0.99
1.0,0.999333244432591,0.9866666666666667
1.0,0.9994665955460728,0.9833333333333333
1.0,0.9995999466595547,0.9733333333333334
1.0,0.9997332977730364,0.9666666666666667
1.0,1.0,0.9
