failure_label,power_on_hours,power_cycles
0,7147.6105716,153.2
1,13984.597478574755,323.78817881788177
