,iops,unsafe_shutdowns,background_scrub_time_pct,gc_active_time_pct,media_errors,error_information_log_entries,bad_block_count_grown,pcie_correctable_errors,pcie_uncorrectable_errors
iops,1.0,0.012665080063465027,0.009946589513564466,-0.00635593511822821,0.012719858057289656,0.016952862116320574,0.02455812587754207,0.02241799056316323,0.007620340880133788
unsafe_shutdowns,0.012665080063465027,1.0,-0.00545635445613602,-0.0005065755259362745,0.01205300582449397,0.011726303138257208,0.004467730477686357,-0.010865651883100205,-0.004457514785145304
background_scrub_time_pct,0.009946589513564466,-0.00545635445613602,1.0,0.004380226903535413,-0.001356371712727954,-0.007772224372121249,0.013798950103887344,-0.011447978270690072,0.00266600804412911
gc_active_time_pct,-0.00635593511822821,-0.0005065755259362745,0.004380226903535413,1.0,-0.0008590583082521228,-0.004326295237199757,-0.0047843571835620565,-0.010067598994914167,0.002018700776110773
media_errors,0.012719858057289656,0.01205300582449397,-0.001356371712727954,-0.0008590583082521228,1.0,0.7427845723620535,0.4906288355382396,0.38104218092501124,0.4050923856281472
error_information_log_entries,0.016952862116320574,0.011726303138257208,-0.007772224372121249,-0.004326295237199757,0.7427845723620535,1.0,0.22783997140354373,0.11269902862959866,0.214358337961798
bad_block_count_grown,0.02455812587754207,0.004467730477686357,0.013798950103887344,-0.0047843571835620565,0.4906288355382396,0.22783997140354373,1.0,0.49111575532315743,0.3486249125827219
pcie_correctable_errors,0.02241799056316323,-0.010865651883100205,-0.011447978270690072,-0.010067598994914167,0.38104218092501124,0.11269902862959866,0.49111575532315743,1.0,0.3600077384893738
pcie_uncorrectable_errors,0.007620340880133788,-0.004457514785145304,0.00266600804412911,0.002018700776110773,0.4050923856281472,0.214358337961798,0.3486249125827219,0.3600077384893738,1.0
