,iops,unsafe_shutdowns,background_scrub_time_pct,gc_active_time_pct,media_errors,error_information_log_entries,bad_block_count_grown,pcie_correctable_errors,pcie_uncorrectable_errors
iops,1.0,-0.0004091183782215198,0.009371287457703872,-0.002826922636887016,0.0071751048094546984,0.02103685772407342,-0.005027969735203943,7.032807515836228e-05,0.00576113347893616
unsafe_shutdowns,-0.0004091183782215198,1.0,-0.0015593813774581813,-0.0021121594970436638,0.0018690234912193925,-0.004038023942490155,0.004294643163086718,0.001952556981475084,0.002717703675272979
background_scrub_time_pct,0.009371287457703872,-0.0015593813774581813,1.0,0.0018815920185392423,0.009058519613425827,0.014617152306080992,0.011071758043319377,0.013420227797212449,0.005891134069080106
gc_active_time_pct,-0.002826922636887016,-0.0021121594970436638,0.0018815920185392423,1.0,0.006857987732690732,0.0033949306292121767,0.008509388927470876,-0.001717389443349655,-0.01011913716631321
media_errors,0.0071751048094546984,0.0018690234912193925,0.009058519613425827,0.006857987732690732,1.0,0.7611801270136915,0.4945301849722077,0.39661439144633487,0.40613673612899437
error_information_log_entries,0.02103685772407342,-0.004038023942490155,0.014617152306080992,0.0033949306292121767,0.7611801270136915,1.0,0.24597303635011059,0.13399367946604357,0.22056457901590193
bad_block_count_grown,-0.005027969735203943,0.004294643163086718,0.011071758043319377,0.008509388927470876,0.4945301849722077,0.24597303635011059,1.0,0.4909655357695683,0.361077226356534
pcie_correctable_errors,7.032807515836228e-05,0.001952556981475084,0.013420227797212449,-0.001717389443349655,0.39661439144633487,0.13399367946604357,0.4909655357695683,1.0,0.38281729687727295
pcie_uncorrectable_errors,0.00576113347893616,0.002717703675272979,0.005891134069080106,-0.01011913716631321,0.40613673612899437,0.22056457901590193,0.361077226356534,0.38281729687727295,1.0
