,iops,unsafe_shutdowns,background_scrub_time_pct,gc_active_time_pct,media_errors,error_information_log_entries,bad_block_count_grown,pcie_correctable_errors,pcie_uncorrectable_errors
iops,1.0,-0.003947437534192648,-0.00320048181906723,-0.0005687408065703703,-0.00534980402098194,-0.006990441469247061,-0.013139957620184117,-0.015856473281055574,-0.004822010924296017
unsafe_shutdowns,-0.003947437534192648,1.0,-0.0027008152591699907,0.0051419655474917725,-0.004661322880451777,-0.008236502640558249,0.014422841471611427,0.015534766689855439,0.003214261453667679
background_scrub_time_pct,-0.00320048181906723,-0.0027008152591699907,1.0,0.005017347660624215,0.004534166126535811,-0.0008264112192134785,0.010750449644424889,0.01234489925183185,0.007378396062297998
gc_active_time_pct,-0.0005687408065703703,0.0051419655474917725,0.005017347660624215,1.0,0.008182313431068133,0.009100068807634417,0.007523505084357525,0.007211146442914823,0.012918229938615076
media_errors,-0.00534980402098194,-0.004661322880451777,0.004534166126535811,0.008182313431068133,1.0,0.7492610303996595,0.48403519658040706,0.40168121182051053,0.40701157789926123
error_information_log_entries,-0.006990441469247061,-0.008236502640558249,-0.0008264112192134785,0.009100068807634417,0.7492610303996595,1.0,0.22151264638296345,0.13264433924539712,0.20737989230410275
bad_block_count_grown,-0.013139957620184117,0.014422841471611427,0.010750449644424889,0.007523505084357525,0.48403519658040706,0.22151264638296345,1.0,0.4965651497422795,0.37570195102308784
pcie_correctable_errors,-0.015856473281055574,0.015534766689855439,0.01234489925183185,0.007211146442914823,0.40168121182051053,0.13264433924539712,0.4965651497422795,1.0,0.3766890391533254
pcie_uncorrectable_errors,-0.004822010924296017,0.003214261453667679,0.007378396062297998,0.012918229938615076,0.40701157789926123,0.20737989230410275,0.37570195102308784,0.3766890391533254,1.0
