,iops,unsafe_shutdowns,background_scrub_time_pct,gc_active_time_pct,media_errors,error_information_log_entries,bad_block_count_grown,pcie_correctable_errors,pcie_uncorrectable_errors
iops,1.0,0.00613658295388044,0.007722492371994168,-0.004230759799993361,0.02223129069014353,0.011841760234757397,0.019865740195086655,0.02768695592364977,0.017445507518463365
unsafe_shutdowns,0.00613658295388044,1.0,-0.005504143934807395,-0.010449378998526701,-0.0006737909923650894,0.004397069749234462,-0.005863545070140596,0.0038249272042619655,0.005171150939508825
background_scrub_time_pct,0.007722492371994168,-0.005504143934807395,1.0,-0.00789019645676669,0.002541389108933894,0.0011453443183239785,-0.005899871710687862,-0.0012415281807808634,-0.0014564106984887792
gc_active_time_pct,-0.004230759799993361,-0.010449378998526701,-0.00789019645676669,1.0,-0.007123880110525852,-0.008664683257093233,-0.005770815704556518,-0.004363504474336901,0.004562296708985382
media_errors,0.02223129069014353,-0.0006737909923650894,0.002541389108933894,-0.007123880110525852,1.0,0.758878799750789,0.5018908185277307,0.3910335742364198,0.41231179321445194
error_information_log_entries,0.011841760234757397,0.004397069749234462,0.0011453443183239785,-0.008664683257093233,0.758878799750789,1.0,0.24848495776382948,0.13300903284002266,0.21901673990781775
bad_block_count_grown,0.019865740195086655,-0.005863545070140596,-0.005899871710687862,-0.005770815704556518,0.5018908185277307,0.24848495776382948,1.0,0.49379277275097694,0.38561728287208363
pcie_correctable_errors,0.02768695592364977,0.0038249272042619655,-0.0012415281807808634,-0.004363504474336901,0.3910335742364198,0.13300903284002266,0.49379277275097694,1.0,0.37670723693293123
pcie_uncorrectable_errors,0.017445507518463365,0.005171150939508825,-0.0014564106984887792,0.004562296708985382,0.41231179321445194,0.21901673990781775,0.38561728287208363,0.37670723693293123,1.0
