,iops,unsafe_shutdowns,background_scrub_time_pct,gc_active_time_pct,media_errors,error_information_log_entries,bad_block_count_grown,pcie_correctable_errors,pcie_uncorrectable_errors
iops,1.0,-0.008332337388362325,-0.0040837162713178365,0.013515968816867856,-0.004404044052345662,0.01036470191435114,-0.0005265773959566484,-0.010376248604876128,-0.005019561596334065
unsafe_shutdowns,-0.008332337388362325,1.0,-0.00908570473946663,-0.002373084965976395,-0.004245839841071707,-0.008610942628657341,-0.0002534541867505737,-0.0008686889917437166,0.009422336003582468
background_scrub_time_pct,-0.0040837162713178365,-0.00908570473946663,1.0,0.024973482489287047,0.009408496344573355,0.00039245579876464573,-0.005378529886999346,0.014182271899396094,0.0162164760611542
gc_active_time_pct,0.013515968816867856,-0.002373084965976395,0.024973482489287047,1.0,-0.006203690709773096,-0.002620226978569099,-0.013308719403969022,-0.02159161224640122,0.0021549458460406895
media_errors,-0.004404044052345662,-0.004245839841071707,0.009408496344573355,-0.006203690709773096,1.0,0.7614772985254766,0.4966220913084849,0.37280119300132203,0.41566278724397154
error_information_log_entries,0.01036470191435114,-0.008610942628657341,0.00039245579876464573,-0.002620226978569099,0.7614772985254766,1.0,0.24946545159074693,0.12253245125292936,0.22728105400042506
bad_block_count_grown,-0.0005265773959566484,-0.0002534541867505737,-0.005378529886999346,-0.013308719403969022,0.4966220913084849,0.24946545159074693,1.0,0.4932946172667581,0.3753699205816659
pcie_correctable_errors,-0.010376248604876128,-0.0008686889917437166,0.014182271899396094,-0.02159161224640122,0.37280119300132203,0.12253245125292936,0.4932946172667581,1.0,0.3683077374428122
pcie_uncorrectable_errors,-0.005019561596334065,0.009422336003582468,0.0162164760611542,0.0021549458460406895,0.41566278724397154,0.22728105400042506,0.3753699205816659,0.3683077374428122,1.0
