roc_auc,pr_auc,brier
1.0,1.0,0.00019244222070760272
1.0,1.0,0.00016783877563665656
1.0,1.0,0.00018989249643720183
1.0,1.0,0.00014290228638701285
1.0,1.0,0.00021217857364148958
