roc_auc,pr_auc,brier
1.0,1.0,8.467000000000001e-05
1.0,1.0,8.360000000000003e-05
0.9998999899989999,0.9999999899989999,8.72875e-05
1.0,1.0,8.567250000000002e-05
1.0,1.0,7.608000000000002e-05
