roc_auc,pr_auc,brier
1.0,1.0,0.00019306493586963256
1.0,1.0,0.00017144029989466512
1.0,1.0,0.0001733007001672966
1.0,1.0,0.00013936272383666896
1.0,1.0,0.00018651403432678603
