roc_auc,pr_auc,brier
0.9991499149914991,0.9999999099589783,9.651000000000002e-05
0.9998999899989999,0.9999999899989999,8.73575e-05
0.9993999399939995,0.9999999399809933,9.49325e-05
0.9995499549954996,0.999999939981995,9.566000000000002e-05
1.0,1.0,9.13525e-05
