,raw_mean,norm_mean,diff,t_stat,p_value
roc_auc,1.0,1.0,0.0,,
pr_auc,1.0,1.0,0.0,,
brier,0.00017273653881900986,0.00018105087056199273,8.314331742982872e-06,-1.5003286037979062,0.2079192582512251
