,raw_mean,norm_mean,diff,t_stat,p_value
roc_auc,0.9995999599959996,0.9999799979997999,0.00038003800380026487,-2.497514963622844,0.0669441242243527
pr_auc,0.9999999559841933,0.9999999979998,4.2015606660505966e-08,-2.5371420563816094,0.06417547201624185
brier,9.316250000000002e-05,8.346200000000002e-05,-9.7005e-06,5.000944003677133,0.007485433383488001
