,mean_non_failure,mean_failure,f_stat,p_value
read_activity_rate,117.9245826445955,-641.8994540565992,0.34808726864803585,0.5551995350388548
busy_time_intensity,0.2357681103323767,0.17541859232423213,1683.2656508293767,0.0
write_intensity,445964578.08632797,433196730.9507473,7.481811034432876,0.006233896376204803
cpu_iops_intensity,32010.39260636101,32264.15495171455,0.40653374454027214,0.5237359126703657
