model,roc_auc,pr_auc,precision_failure,recall_failure,f1_failure
logistic_regression,0.6348222088427532,0.8880005057859055,0.8642718864271887,0.6072238174399275,0.71329664477188
random_forest,0.6336966885629283,0.8925551246521805,0.8205938617649505,0.9940053397813712,0.8990136000182245
