feature,pearson_r,p_value
read_activity_rate,-0.0020769459844895465,0.5551995350499042
busy_time_intensity,-0.14294707738881995,0.0
write_intensity,-0.00962864785655006,0.006233896376059508
cpu_iops_intensity,0.0022445499529667227,0.5237359126768535
