failure_label,read_activity_rate,busy_time_intensity,write_intensity,cpu_iops_intensity
0,117.92458264459547,0.2357681103323767,445964578.08632797,32010.39260636101
1,-641.8994540565992,0.1754185923242321,433196730.9507473,32264.15495171455
