,power_on_hours,composite_temperature_c,power_cycles,percentage_used,data_units_read,host_write_commands,host_read_commands,data_units_written
power_on_hours,1.0,-0.003632124272714793,-0.001064145767989991,0.005248539585479632,-1.927097255753954e-05,0.0006465245673958569,0.0004684926202316152,-0.0005015228097809422
composite_temperature_c,-0.003632124272714793,1.0,0.004895210663789091,0.002129342256864534,0.006289435053788198,0.004934509206634553,0.005215941936012801,0.005676328503815603
power_cycles,-0.001064145767989991,0.004895210663789091,1.0,0.006284738701811071,0.0049530772958224735,-0.007390630674718683,-0.006194431127826682,-0.00046775562452686326
percentage_used,0.005248539585479632,0.002129342256864534,0.006284738701811071,1.0,0.004811548184067929,-0.00355104931753032,-0.004893519014807274,0.0027397812680972477
data_units_read,-1.927097255753954e-05,0.006289435053788198,0.0049530772958224735,0.004811548184067929,1.0,-0.002597688352959945,-0.0025334876608621103,0.6024972657378675
host_write_commands,0.0006465245673958569,0.004934509206634553,-0.007390630674718683,-0.00355104931753032,-0.002597688352959945,1.0,0.9437646310353052,0.0009118116860475594
host_read_commands,0.0004684926202316152,0.005215941936012801,-0.006194431127826682,-0.004893519014807274,-0.0025334876608621103,0.9437646310353052,1.0,0.0027194166226811064
data_units_written,-0.0005015228097809422,0.005676328503815603,-0.00046775562452686326,0.0027397812680972477,0.6024972657378675,0.0009118116860475594,0.0027194166226811064,1.0
