,host_write_commands,host_read_commands,data_units_read,data_units_written,power_cycles,power_on_hours,percentage_used
host_write_commands,1.0,0.6858045325469064,0.6370648522439284,0.6318304077509624,0.3221593138133724,0.31315622980135105,0.215046200054024
host_read_commands,0.6858045325469064,1.0,0.5936673046558556,0.5814975281345159,0.32500396132860004,0.31625491090940006,0.21870535102836625
data_units_read,0.6370648522439284,0.5936673046558556,1.0,0.8317550133633045,0.2946328598599571,0.2861085006927314,0.1927918056312949
data_units_written,0.6318304077509624,0.5814975281345159,0.8317550133633045,1.0,0.29061087680934916,0.2811810071882568,0.1926062427372628
power_cycles,0.3221593138133724,0.32500396132860004,0.2946328598599571,0.29061087680934916,1.0,0.6985041539616399,0.47137178467974417
power_on_hours,0.31315622980135105,0.31625491090940006,0.2861085006927314,0.2811810071882568,0.6985041539616399,1.0,0.4880687933884447
percentage_used,0.215046200054024,0.21870535102836625,0.1927918056312949,0.1926062427372628,0.47137178467974417,0.4880687933884447,1.0
