,temperature_warning,temperature_critical,temperature_current
temperature_warning,1.0,-0.0007176182101799692,-0.014277895632334402
temperature_critical,-0.0007176182101799692,1.0,-0.019367852111501608
temperature_current,-0.014277895632334402,-0.019367852111501608,1.0
