,power_cycles,data_units_read,host_read_commands,host_write_commands,percentage_used,power_on_hours,data_units_written
power_cycles,1.0,-0.002424679635485385,0.006740397118555446,0.005171267449708141,0.00799542214845091,0.007404795126144106,0.006300669701162182
data_units_read,-0.002424679635485385,1.0,0.0059377992241461935,0.00733939413005279,-0.008061269523994745,0.0036949444238811953,0.0005412419533727114
host_read_commands,0.006740397118555446,0.0059377992241461935,1.0,0.9422048143846997,-0.011643906915760767,0.003917036144146181,-0.005550762317023345
host_write_commands,0.005171267449708141,0.00733939413005279,0.9422048143846997,1.0,-0.014365572052952276,0.007824042037604846,-0.009763310041363897
percentage_used,0.00799542214845091,-0.008061269523994745,-0.011643906915760767,-0.014365572052952276,1.0,0.01018485752896914,0.014806575990082702
power_on_hours,0.007404795126144106,0.0036949444238811953,0.003917036144146181,0.007824042037604846,0.01018485752896914,1.0,-0.009742999219245093
data_units_written,0.006300669701162182,0.0005412419533727114,-0.005550762317023345,-0.009763310041363897,0.014806575990082702,-0.009742999219245093,1.0
