,host_read_commands,power_cycles,data_units_written,percentage_used,data_units_read,power_on_hours,host_write_commands
host_read_commands,1.0,-0.006194431127826679,0.0025547866147563585,-0.004893519014807271,-0.0029550767127294302,0.00046849262023164717,0.9437646310353052
power_cycles,-0.006194431127826679,1.0,0.0005272868137783105,0.006284738701811071,0.005025661423929439,-0.0010641457679899892,-0.007390630674718683
data_units_written,0.0025547866147563585,0.0005272868137783105,1.0,0.0015034965016902646,0.5933473759090006,-0.000324909639849419,0.0010840926114280254
percentage_used,-0.004893519014807271,0.006284738701811071,0.0015034965016902646,1.0,0.0036339950027839754,0.005248539585479648,-0.00355104931753032
data_units_read,-0.0029550767127294302,0.005025661423929439,0.5933473759090006,0.0036339950027839754,1.0,0.0004229800274393269,-0.002824388507382269
power_on_hours,0.00046849262023164717,-0.0010641457679899892,-0.000324909639849419,0.005248539585479648,0.0004229800274393269,1.0,0.0006465245673958569
host_write_commands,0.9437646310353052,-0.007390630674718683,0.0010840926114280254,-0.00355104931753032,-0.002824388507382269,0.0006465245673958569,1.0
