,host_read_commands,host_write_commands,controller_busy_time,read_latency_(ms),write_latency_(ms)
host_read_commands,1.0,0.9515090544095454,0.9427305232283087,0.004551850970921435,0.018835632670990168
host_write_commands,0.9515090544095454,1.0,0.8999246759917704,0.006395195329225489,0.014824351525757978
controller_busy_time,0.9427305232283087,0.8999246759917704,1.0,0.013873670853259055,0.005794219368557326
read_latency_(ms),0.004551850970921435,0.006395195329225489,0.013873670853259055,1.0,-0.022524727532441086
write_latency_(ms),0.018835632670990168,0.014824351525757978,0.005794219368557326,-0.022524727532441086,1.0
